-- 시드 데이터: 데모 팀/경기/유저
-- 주의: 실제 Supabase에서는 auth.users로 사용자를 먼저 생성해야 함
-- 이 시드는 로컬 개발/테스트 목적

-- 데모 사용자 (Supabase Auth 사용 시 auth.users에 먼저 생성 필요)
INSERT INTO users (id, email, name) VALUES
  ('00000000-0000-0000-0000-000000000001', 'admin@demo.com', '관리자 김철수'),
  ('00000000-0000-0000-0000-000000000002', 'manager@demo.com', '매니저 이영희'),
  ('00000000-0000-0000-0000-000000000003', 'player1@demo.com', '선수 박민수'),
  ('00000000-0000-0000-0000-000000000004', 'player2@demo.com', '선수 정수진'),
  ('00000000-0000-0000-0000-000000000005', 'player3@demo.com', '선수 최동현')
ON CONFLICT (id) DO NOTHING;

-- 데모 팀
INSERT INTO teams (id, name, description, created_by) VALUES
  ('10000000-0000-0000-0000-000000000001', 'FC 번개', '주말 축구 동호회', '00000000-0000-0000-0000-000000000001')
ON CONFLICT (id) DO NOTHING;

-- 팀 멤버
INSERT INTO team_members (team_id, user_id, role) VALUES
  ('10000000-0000-0000-0000-000000000001', '00000000-0000-0000-0000-000000000001', 'ADMIN'),
  ('10000000-0000-0000-0000-000000000001', '00000000-0000-0000-0000-000000000002', 'MANAGER'),
  ('10000000-0000-0000-0000-000000000001', '00000000-0000-0000-0000-000000000003', 'MEMBER'),
  ('10000000-0000-0000-0000-000000000001', '00000000-0000-0000-0000-000000000004', 'MEMBER'),
  ('10000000-0000-0000-0000-000000000001', '00000000-0000-0000-0000-000000000005', 'MEMBER')
ON CONFLICT (team_id, user_id) DO NOTHING;

-- 데모 경기 (OPEN 상태 - 투표 진행 중)
INSERT INTO matches (id, team_id, title, match_date, location, opponent, status, created_by) VALUES
  ('20000000-0000-0000-0000-000000000001', '10000000-0000-0000-0000-000000000001',
   '주말 리그전', '2026-02-15T14:00:00+09:00', '잠실 운동장', 'FC 태풍', 'OPEN',
   '00000000-0000-0000-0000-000000000001'),
  ('20000000-0000-0000-0000-000000000002', '10000000-0000-0000-0000-000000000001',
   '연습 경기', '2026-02-22T10:00:00+09:00', '올림픽공원', NULL, 'OPEN',
   '00000000-0000-0000-0000-000000000002')
ON CONFLICT (id) DO NOTHING;

-- 데모 출석 투표 (첫 번째 경기)
INSERT INTO attendances (match_id, user_id, status, voted_at) VALUES
  ('20000000-0000-0000-0000-000000000001', '00000000-0000-0000-0000-000000000001', 'ACCEPTED', now()),
  ('20000000-0000-0000-0000-000000000001', '00000000-0000-0000-0000-000000000002', 'ACCEPTED', now()),
  ('20000000-0000-0000-0000-000000000001', '00000000-0000-0000-0000-000000000003', 'ACCEPTED', now()),
  ('20000000-0000-0000-0000-000000000001', '00000000-0000-0000-0000-000000000004', 'PENDING', NULL),
  ('20000000-0000-0000-0000-000000000001', '00000000-0000-0000-0000-000000000005', 'DECLINED', now())
ON CONFLICT (match_id, user_id) DO NOTHING;

-- 두 번째 경기 출석 투표
INSERT INTO attendances (match_id, user_id, status) VALUES
  ('20000000-0000-0000-0000-000000000002', '00000000-0000-0000-0000-000000000001', 'PENDING'),
  ('20000000-0000-0000-0000-000000000002', '00000000-0000-0000-0000-000000000002', 'PENDING'),
  ('20000000-0000-0000-0000-000000000002', '00000000-0000-0000-0000-000000000003', 'PENDING'),
  ('20000000-0000-0000-0000-000000000002', '00000000-0000-0000-0000-000000000004', 'PENDING'),
  ('20000000-0000-0000-0000-000000000002', '00000000-0000-0000-0000-000000000005', 'PENDING')
ON CONFLICT (match_id, user_id) DO NOTHING;

-- ============================================================
-- PoV 확장: 신규 10명 사용자 (006~015)
-- ============================================================
INSERT INTO users (id, email, name) VALUES
  ('00000000-0000-0000-0000-000000000006', 'player4@demo.com',  '선수 한지민'),
  ('00000000-0000-0000-0000-000000000007', 'player5@demo.com',  '선수 오세훈'),
  ('00000000-0000-0000-0000-000000000008', 'player6@demo.com',  '선수 김도윤'),
  ('00000000-0000-0000-0000-000000000009', 'player7@demo.com',  '선수 이서연'),
  ('00000000-0000-0000-0000-000000000010', 'player8@demo.com',  '선수 박준혁'),
  ('00000000-0000-0000-0000-000000000011', 'player9@demo.com',  '선수 최예린'),
  ('00000000-0000-0000-0000-000000000012', 'player10@demo.com', '선수 강민준'),
  ('00000000-0000-0000-0000-000000000013', 'player11@demo.com', '선수 윤서아'),
  ('00000000-0000-0000-0000-000000000014', 'player12@demo.com', '선수 임태윤'),
  ('00000000-0000-0000-0000-000000000015', 'player13@demo.com', '선수 조하늘')
ON CONFLICT (id) DO NOTHING;

-- 신규 10명 FC 번개 팀 등록 (MEMBER)
INSERT INTO team_members (team_id, user_id, role) VALUES
  ('10000000-0000-0000-0000-000000000001', '00000000-0000-0000-0000-000000000006', 'MEMBER'),
  ('10000000-0000-0000-0000-000000000001', '00000000-0000-0000-0000-000000000007', 'MEMBER'),
  ('10000000-0000-0000-0000-000000000001', '00000000-0000-0000-0000-000000000008', 'MEMBER'),
  ('10000000-0000-0000-0000-000000000001', '00000000-0000-0000-0000-000000000009', 'MEMBER'),
  ('10000000-0000-0000-0000-000000000001', '00000000-0000-0000-0000-000000000010', 'MEMBER'),
  ('10000000-0000-0000-0000-000000000001', '00000000-0000-0000-0000-000000000011', 'MEMBER'),
  ('10000000-0000-0000-0000-000000000001', '00000000-0000-0000-0000-000000000012', 'MEMBER'),
  ('10000000-0000-0000-0000-000000000001', '00000000-0000-0000-0000-000000000013', 'MEMBER'),
  ('10000000-0000-0000-0000-000000000001', '00000000-0000-0000-0000-000000000014', 'MEMBER'),
  ('10000000-0000-0000-0000-000000000001', '00000000-0000-0000-0000-000000000015', 'MEMBER')
ON CONFLICT (team_id, user_id) DO NOTHING;

-- 전체 15명 사용자 프로필 (포지션 배정)
INSERT INTO user_profiles (user_id, position) VALUES
  ('00000000-0000-0000-0000-000000000001', 'GK'),
  ('00000000-0000-0000-0000-000000000002', 'CB'),
  ('00000000-0000-0000-0000-000000000003', 'ST'),
  ('00000000-0000-0000-0000-000000000004', 'CM'),
  ('00000000-0000-0000-0000-000000000005', 'CAM'),
  ('00000000-0000-0000-0000-000000000006', 'LW'),
  ('00000000-0000-0000-0000-000000000007', 'RB'),
  ('00000000-0000-0000-0000-000000000008', 'CDM'),
  ('00000000-0000-0000-0000-000000000009', 'LB'),
  ('00000000-0000-0000-0000-000000000010', 'RW'),
  ('00000000-0000-0000-0000-000000000011', 'CF'),
  ('00000000-0000-0000-0000-000000000012', 'CM'),
  ('00000000-0000-0000-0000-000000000013', 'RM'),
  ('00000000-0000-0000-0000-000000000014', 'CB'),
  ('00000000-0000-0000-0000-000000000015', 'WB')
ON CONFLICT (user_id) DO NOTHING;
